url_to_jpg,img_available
https://media1.s-nbcnews.com/j/newscms/2016_53/1360886/160102-usnews-ok-arrest-devil-booking-430a_f163d74821b7e1046ad0300d5c4558e8.fit-2000w.jpg,True
,False
,False
,False
,False
https://www.gannett-cdn.com/-mm-/d206d7dc2d214bf5a65d2d605cee210e2b9a9c4f/c=4-0-3260-2448&r=x404&c=534x401/local/-/media/2017/01/26/NJGroup/AsburyPark/636210389964507225-Jackson-White-Power.jpg,True
http://www.trbimg.com/img-56afca82/turbine/la-donald-trump-star-hollywood--swastika-20160201/1600/1600x900,True
https://i2.wp.com/www.westernfrontonline.com/wp-content/uploads/2016/06/ErasmusBaxter_antiSemitism_001.jpg,True
http://zoneone.wf7woxluljv.maxcdn-edge.com/blog/wp-content/uploads/2016/02/2-2-16-e1454445933765.jpg,True
https://coedmagazine.files.wordpress.com/2016/02/screen-shot-2016-02-05-at-1-50-27-pm.jpeg?quality=88,True
http://badgerherald.com/media/2016/02/Screen-Shot-2016-02-18-at-5.34.17-PM-648x479.png,False
https://calcoastnews.com/images/2016/03/Poly-Apartment-1024x735.jpg,True
,False
,False
http://thehill.com/sites/default/files/styles/thumb_small_article/public/blogs/trumpswastika1.jpg?itok=cv_xPsSR,False
http://static-32.sinclairstoryline.com/resources/media/f4ad0298-0f2f-4abd-b87b-c38f16d27fcb-medium36x25_Trump1.JPG,True
,False
,False
,False
,False
http://woio.images.worldnow.com/images/10143300_G.jpg,False
https://mgtvwsls.files.wordpress.com/2016/03/swastika.jpg,False
https://twitter.com/JoeKhalilTV/status/713947176699699200,True
http://media.nbcchicago.com/images/654*367/dsfsdfsdfsdfsdfsdf.jpg,True
http://assets.dnainfo.com/generated/chicago_photo/2016/03/pilsen-methodist-church-racist-graffiti--1459356042.jpg/extralarge.jpg,True
,False
http://news.keepmecurrent.com/wp-content/uploads/2016/04/xSwastika.jpg.pagespeed.ic.6X16O_zdwA.webp,False
https://assets.dnainfo.com/photo/2016/7/1468009764-264865/extralarge.jpg,True
,False
https://chimesnewspaper.com/wp-content/uploads/2016/04/NE03-swastikapiece_MA-7664-Edit-Edit_gallery_view-475x279.jpg,True
,False
https://www.gannett-cdn.com/-mm-/519e70b3dd198a728f9efe74a59e76efcbe622d3/c=4-0-3260-2448/local/-/media/2016/04/15/Nashville/Nashville/635963296576623967-021.JPG?width=534&height=401&fit=crop,True
,False
https://thenypost.files.wordpress.com/2016/06/160630-kkk-after-150-embed-1.jpg?quality=90&strip=all&w=1328&h=882&crop=1,True
https://img.washingtonpost.com/rf/image_1484w/2010-2019/WashingtonPost/2016/04/27/Local/Images/swastika.jpg?uuid=Jdj_8AyVEeamti5t42lbDg,False
,False
,False
,False
,False
,False
,False
,False
,False
https://twitter.com/i/status/745742653564788736,True
https://media.fox2detroit.com/media.fox2detroit.com/photo/2016/06/29/Still0630_00000_1467262284765_1502495_ver1.0_640_360.jpg,False
,False
http://stmedia.stimg.co/ctyp_8400369802e5f_nazi.jpg?w=800,True
,False
https://www.gannett-cdn.com/-mm-/bf65b3f667dd1e7f82128aed9c2abc1d2ced07e4/c=273-0-5040-3584&r=x404&c=534x401/local/-/media/2017/02/03/Westchester/Westchester/636217209867791622-sh020317swastikas001.JPG,True
,False
https://www.dailycamera.com/wp-content/uploads/migration/2016/0727/20160727_28DCANAZw-1.jpg?w=879,True
,False
http://image.nj.com/home/njo-media/width620/img/ocean_impact/photo/20991632-mmmain.jpg,True
http://media.nj.com/monmouth_impact/photo/howell-parkjpg-a577debecb81d240.jpg,True
http://daily.swarthmore.edu/wp-content/uploads/2016/09/Slack-for-iOS-Upload.jpg,False
,False
,False
,False
,False
,False
,False
,False
,False
https://wjla.com/news/local/gallery/nineteenth-century-african-american-school-vandalized-with-swastikas-other-vulgar-images#photo-1,True
https://assets.dnainfo.com/photo/2016/10/1475533566-275705/extralarge.jpg,True
,False
,False
,False
https://4.bp.blogspot.com/-5ZMAkB--Vjk/WDXqFtMT8pI/AAAAAAAAEKM/piLfUPUu_JkEMpjI2nhqYiNHjZsuvQsVgCLcB/s1600/mt%2Blebo.jpg,True
,False
,False
,False
,False
,False
Link to video of incidents,False
,False
,False
https://www.koin.com/wp-content/uploads/sites/10/2016/10/longview-church-vandalism-1_29621027_ver1.0.jpg,True
"https://assets.fastcompany.com/image/upload/w_596,c_limit,q_auto:best,f_auto,fl_lossy/fc/3065072-inline-inline-trump-t.jpg",True
,False
http://www.trbimg.com/img-5817f213/turbine/os-osceola-campaign-signs-defaced-with-nazi-st-001/731/731x411,True
,False
,False
,False
https://pbs.twimg.com/media/Cw11CHEXAAI8_Pm.jpg,True
http://stmedia.stimg.co/ctyp_maplegroveracists.jpg?w=800,True
,False
https://d3el53au0d7w62.cloudfront.net/wp-content/uploads/2016/11/09/Sieg-Heil-768x576.jpg AND ANOTHER IMAGE https://d3el53au0d7w62.cloudfront.net/wp-content/uploads/2016/11/09/I-heart-facism-300x400.jpg,False
http://media.nbcbayarea.com/images/652*367/SF+NAZI+FLAG+HOUSE+KNTV_000000019743115+-+14572129.jpg,False
,False
https://www.gannett-cdn.com/-mm-/0e00fec0ced8132175777ebe2dbfafb3f985b2ee/c=13-0-921-683&r=x404&c=534x401/local/-/media/2016/11/10/Burlington/Burlington/636143938653384600-trumppenceswastikasign.jpg,True
http://media.phillyvoice.com/media/images/swastika_south_broad_1.2e16d0ba.fill-735x490.jpg The other image is here https://media.phillyvoice.com/media/images/trump-nazi-symbol.width-704.jpg,True
https://cdn.kpbs.org/dims4/default/6db133a/2147483647/strip/true/crop/384x237+0+50/resize/1760x1084!/format/webp/quality/90/?url=http%3A%2F%2Fkpbs-brightspot.s3.amazonaws.com%2Fimg%2Fphotos%2F2016%2F11%2F10%2FScreen_Shot_2016-11-09_at_9.35.48_PM.png,True
,False
video of newhttps://www.youtube.com/watch?v=fGSGs5zn-3w,False
http://www.jamaicaplainnews.com/wp-content/uploads/2016/11/14955948_10211074259593709_21957224472129584_n.jpg,True
https://billypenn.com/wp-content/uploads/2016/11/shisslerwindows-2-1024x683.jpg,True
Video fo the incident: https://fox59.com/2016/11/11/swastika-kkk-graffiti-found-along-bloomingtons-b-line-trail/,True
,False
http://media2.fdncms.com/stranger/imager/u/large/24690937/1479146359-15045575_10100522079814985_427511384_n.jpg,False
Contains a video https://wjla.com/news/local/swastikas-scratched-onto-vehicle-in-virginia,True
https://snworksceo.imgix.net/ame-egl/b27c2b3f-6f7d-4c7d-b315-39e24c2ad5e1.sized-1000x1000.jpg?w=1000,True
https://24z6gu488g2e14nygp30d0jy-wpengine.netdna-ssl.com/wp-content/uploads/2016/11/web1_BEL-swastika.jpg,False
,False
,False
http://assets.nydailynews.com/polopoly_fs/1.2870702.1478994465!/img/httpImage/image.jpg_gen/derivatives/article_1200/newschool13n-1-web.jpg ; another image https://www.nydailynews.com/resizer/V9N48ElHy31tlokI9r4Xmf54Qnc=/800x1066/top/arc-anglerfish-arc2-prod-tronc.s3.amazonaws.com/public/2UT353XKOXFBFSEDJKTYTPJC4A.jpg,False
http://media.spokesman.com/photos/2016/11/16/swastika_graffiti_t2500.jpg?6913dd5f0afa17a0b7a91a88b4e808d586264d13,False
https://www.washingtonpost.com/resizer/aGggQKdsne4kxBGVoRoIzs1DEDU=/960x0/arc-anglerfish-washpost-prod-washpost.s3.amazonaws.com/public/QTJ4Y4VT5QZARASE6P7RUAGKQE.jpg ; and another image https://www.washingtonpost.com/resizer/lNgyKAzYtCZwakDhpGPf5qSfIgI=/225x0/arc-anglerfish-washpost-prod-washpost.s3.amazonaws.com/public/FDQYT3LICY7H3FN7WUMMWKU7JE.jpg,False
,False
,False
http://assets.nydailynews.com/polopoly_fs/1.2871416.1479063509!/img/httpImage/image.jpg_gen/derivatives/article_1200/article-hate1-1113.jpg,False
,False
http://ww2.hdnux.com/photos/55/23/27/11875777/11/1024x1024.jpg,True
https://wbbh.images.worldnow.com/images/12503722_G.jpg?auto=webp&disable=upscale&height=560&fit=bounds,False
https://lintvwtnh.files.wordpress.com/2016/11/swastika.jpg?w=600&h=450,True
,False
https://pbs.twimg.com/media/CxWNnhbUUAE5YN2.jpg,True
https://bloximages.newyork1.vip.townnews.com/pilotonline.com/content/tncms/assets/v3/editorial/5/9f/59f8e835-b260-5085-81d1-981b6bde1e91/582dcdf2a0a18.image.png,False
http://media.thedenverchannel.com/photo/2016/11/16/Screen%20Shot%202016-11-16%20at%2010.19.41%20AM%20blur_49899301_ver1.0.jpg,True
video with image: https://www.oregonlive.com/portland/2016/11/happy_valley_home_vandalized_w.html,True
https://i2.wp.com/vtdigger.org/wp-content/uploads/2016/11/15135793_10211189775084329_7908117071163449382_n.jpg?w=925&ssl=1,True
https://cdn-images-1.medium.com/max/1600/0*ToojEY2vF6q7jTpL.jpg,True
https://flaglerlive.com/wp-content/uploads/swastika-imagine.jpg,True
,False
,False
http://extras.mnginteractive.com/live/media/site105/2016/1120/20161120_054722_swastika_300.jpg,False
https://pbs.twimg.com/media/CxlI9r0XEAQ5r9y.jpg,True
https://cdn20.patchcdn.com/users/22817504/20161122/045216/styles/T600x450/public/article_images/screen_shot_2016-11-22_at_44724_pm-1479851521-5562.jpg,True
,False
https://bloximages.chicago2.vip.townnews.com/alligator.org/content/tncms/assets/v3/editorial/5/31/531fe41c-afa4-11e6-bd21-d7052caebaa2/58327a7cbe75b.image.jpg?resize=1200%2C1600,False
"https://gothamist.imgix.net/attachments/byakas/112116swastika1.jpg?crop=faces&fit=crop&auto=compress,format&fm=jpg&w=640&q=90",True
http://daily.swarthmore.edu/wp-content/uploads/2016/11/IMG_20161121_004801-1024x766.jpg,False
,False
http://2d0yaz2jiom3c6vy7e7e5svk.wpengine.netdna-cdn.com/wp-content/uploads/2016/11/Swastika-Denver.png,False
,False
https://scontent.fdet1-2.fna.fbcdn.net/v/t1.0-0/p526x296/15085512_10155491090505299_6710622186773585146_n.jpg?_nc_cat=102&_nc_oc=AQmtXN8nmmRP3VNCUGPP1Sl4h0IAzQuNgKAZI-k9ra0x-9pSt1iHwIJ1GaEfIGQx5cIloxyolBH1YRpJbrKFAjhC&_nc_ht=scontent.fdet1-2.fna&oh=c3e06da721eab3d37f39031883def1b3&oe=5DAE49F7,True
https://bloximages.chicago2.vip.townnews.com/sentinelsource.com/content/tncms/assets/v3/editorial/3/b6/3b6f7047-4b0c-5842-bcd7-a7c5178506cd/583492e64242b.image.jpg,True
,False
http://www.trbimg.com/img-5834b930/turbine/hc-new-haven-swastika-trump-graffitti-1123-201-001/515/290x515,True
http://occupydemocrats.com/wp-content/uploads/racist3.jpg,False
,False
Image does not show swastika https://www.gannett-cdn.com/-mm-/90d966ed611a9d18d90327732f9d6076ebbaa7d9/c=161-0-799-480/local/-/media/2016/12/09/USATODAY/USATODAY/636169170653218306-jude1.jpg?width=534&height=401&fit=crop,True
https://cbsboston.files.wordpress.com/2016/11/harvard1.jpg?w=420&h=236,True
,False
http://stmedia.stimg.co/ctyp+swastika+cutout.PNG?w=800,True
https://bloximages.chicago2.vip.townnews.com/billingsgazette.com/content/tncms/assets/v3/editorial/7/79/7791f56d-e87c-56d9-ac80-76b06263512f/583e1f01d0df6.image.jpg?resize=1200%2C1599,True
,False
,False
,False
http://assets.nydailynews.com/polopoly_fs/1.2899446.1482118431!/img/httpImage/image.jpg_gen/derivatives/article_1200/article-pdbias-1205.jpg,False
https://thenypost.files.wordpress.com/2016/12/15171252_10207794362201321_945801097252712601_n.jpg?quality=90&strip=all&w=331,True
,False
,False
https://pbs.twimg.com/media/Cyowc9OXEAABHT7.jpg,True
,False
,False
https://img.washingtonpost.com/rf/image_1484w/2010-2019/WashingtonPost/2016/12/01/Cops-Courts/Images/untitled2-2-300x160%20(1).png?uuid=jb5LXrfTEeaVnBcsghI5dg and here : https://img.washingtonpost.com/rf/image_480w/2010-2019/WashingtonPost/2016/12/01/Cops-Courts/Images/untitled-4-300x188.png?uuid=k_z_mrfVEeaVnBcsghI5dg,False
Link to news video with images here: https://www.nbclosangeles.com/news/local/Swastikas-Spray-Painted-on-DTLA-Buildings_Los-Angeles-404197776.html,True
,False
,False
,False
,False
"https://hips.htvapps.com/htv-prod-media.s3.amazonaws.com/images/15220024-10211634173630569-1520555569079052238-n-1481313303.jpg?crop=1xw:1xh;center,top&resize=660:*",True
,False
,False
,False
https://cdn20.patchcdn.com/users/22888247/20161208/014904/styles/T600x450/public/article_images/15391220_10105664780596079_4891149545624166074_n-1481222554-8211.jpg Another image V,True
"Video that contain an image, but the swastika is blurred out. https://www.necn.com/news/new-england/Swastika-Found-at-Cambridge-Rindge-and-Latin-School-405525405.html",True
Video link to the images captured in a news report: https://www.nbcnewyork.com/news/local/swastikas-ninth-avenue-hells-kitchen-hate-crime-trump-405363195.html and slide show of images https://www.dnainfo.com/new-york/20161214/upper-west-side/swastikas-hate-crime-broadway-104th-street-citymd/#slide-1,True
,False
http://www.trbimg.com/img-5859b17b/turbine/os-swastika-graffiti-lake-brantley-high-school-001/640/360x640,True
http://multifiles.pressherald.com/uploads/sites/2/2016/12/674865_985110-20161210-graffiti-00.jpg,False
http://media.nbclosangeles.com/images/680*367/church+hate+crime+12102016.jpg,False
,False
,False
,False
,False
,False
https://www.rawstory.com/wp-content/uploads/2016/12/img-4856-259x345.jpg and https://www.rawstory.com/wp-content/uploads/2016/12/img-4855-1-259x345.jpg,False
https://chaowu2016.files.wordpress.com/2016/12/nazisign_20161126_161752.jpg,True
http://themadwriter.us/wp-content/uploads/2017/02/Screen-Shot-2017-02-13-at-12.44.57-PM-fitchburg.png,False
,False
,False
,False
,False
,False
,False
,False
,False
,False
,False
https://pbs.twimg.com/media/C02FwPFWgAAYwp_.jpg and https://pbs.twimg.com/media/C02FwPOXgAIiGVi?format=jpg&name=360x360,True
https://images.foxtv.com/static.fox5atlanta.com/www.fox5atlanta.com/content/uploads/2019/09/764/432/38dd9783-Paulding20vandalism_1480447344651_2338160_ver1.0_640_360.jpg?ve=1&tl=1,True
http://media2.abc15.com/photo/2016/12/30/KNXV%20Chandler%20Menorah%20Vandalized%2012-30_1483135705413_52360056_ver1.0_640_480.jpg,True
http://ww2.hdnux.com/photos/56/20/75/12128101/7/1024x1024.jpg,True
,False
http://www.jta.org/wp-content/uploads/2017/01/15800558_928037897645_675221669925941795_o.jpg,True
https://patch.com/img/cdn20/users/22866740/20170103/065734/styles/raw/public/article_images/15823717_873175691854_8381221923328200828_n-1483487846-2667.jpg?width=705,True
https://www.timescall.com/wp-content/uploads/migration/2017/0102/20170102_03TCASWAw-1.jpg?w=879,True
,False
https://cdn.greeleytribune.com/wp-content/uploads/sites/4/2017/01/SwastikasGlenmere-GDT-010917-1.jpg,False
http://wtol.images.worldnow.com/images/12892253_G.png in addition to this image https://media.wtol.com/assets/WTOL/images/3926b465-933b-4af7-8303-40d0a89fe1ef/3926b465-933b-4af7-8303-40d0a89fe1ef_750x422.jpg,False
,False
,False
http://www.miamiherald.com/news/local/crime/qxjc5z/picture126116754/alternates/FREE_1140/NBVSwastika,False
,False
http://wect.images.worldnow.com/images/12932102_G.jpg,False
,False
,False
,False
https://www.instagram.com/p/BPev8fHATez/?utm_source=ig_embed,True
https://pbs.twimg.com/media/C2zdVGJWgAA0C2p.jpg and another image https://ewscripps.brightspotcdn.com/dims4/default/e88777d/2147483647/strip/true/crop/640x360+0+60/resize/1280x720!/quality/90/?url=https%3A%2F%2Fmediaassets.wcpo.com%2Fphoto%2F2017%2F01%2F22%2Fwcpo_swastika_Withrow_High_School_1485113990476_53794470_ver1.0_640_480.jpg,True
"https://kubrick.htvapps.com/htv-prod-media.s3.amazonaws.com/images/2017-02-01-13-51-00-fullsizerender-015-windows-photo-viewer-1485986958.png?crop=1xw:1xh;center,top&resize=660:*",True
https://mediaassets.tmj4.com/photo/2017/01/23/Hateful_graffiti_on_gazebo_0_53842162_ver1.0_640_480.jpg,True
,False
http://cdn.abclocal.go.com/content/wls/images/cms/1717294_630x354.jpg,True
https://www.oregonlive.com/resizer/9u9RCeGukyOiV2_81LM9YJfImUs=/1280x0/smart/advancelocal-adapter-image-uploads.s3.amazonaws.com/image.oregonlive.com/home/olive-media/width2048/img/portland_impact/photo/21932877-small.jpeg,True
https://chicago.cbslocal.com/wp-content/uploads/sites/15116062/2017/01/claremont-graffiti.png?w=640&h=360&crop=1 and https://assets.dnainfo.com/photo/2017/1/1485445320-289253/extralarge.jpg,True
,False
,False
,False
,False
,False
,False
,False
http://bloximages.chicago2.vip.townnews.com/alligator.org/content/tncms/assets/v3/editorial/3/cf/3cf66992-e445-11e6-a911-3b70524053b2/588ac622edacd.image.jpg?resize=300%2C200,False
https://www.wuft.org/news/files/2017/01/swastika-liberation-rally-e1485548588109-768x1024.jpg,False
,False
,False
http://ww4.hdnux.com/photos/56/71/37/12294143/3/920x920.jpg and https://s.hdnux.com/photos/56/71/37/12294142/3/1024x1024.jpg,True
,False
https://www.reviewjournal.com/wp-content/uploads/2017/01/web1_web_graffitti_0130_7884135.jpg,True
http://media.graytvinc.com/images/690*388/SwastikaHenryClay.JPG,True
https://gray-wkyt-prod.cdn.arcpublishing.com/resizer/vu3cuvP__vjwH3AJIueqyelaRws=/1200x675/smart/filters:quality(85)/cloudfront-us-east-1.images.arcpublishing.com/gray/IBNFPQGEFJIURG6PDRIFAZJK3M.jpg,True
http://www.trbimg.com/img-5882679a/turbine/ct-nbs-trump-swastikas-tl-0126-20170120/400/400x225,True
,False
https://bloximages.newyork1.vip.townnews.com/wnem.com/content/tncms/assets/v3/editorial/f/0c/f0c60e5c-d94a-5565-a7f9-637e81832c99/5b80853264500.image.jpg?resize=750%2C422,False
,False
,False
http://2sei0v2s93y31n9ndy1lrzmh.wpengine.netdna-cdn.com/wp-content/uploads/2017/02/snow-swastika-e1485971435834.jpg,False
,False
,False
,False
,False
https://www.gannett-cdn.com/-mm-/a1676faec71ffb61bd22ee73bed644a0911a62bb/c=80-19-640-440&r=x404&c=534x401/local/-/media/2017/02/03/Phoenix/Phoenix/636217332279221104-sign1.jpg and http://themadwriter.us/wp-content/uploads/2017/02/Swastikas-at-an-elementary-school-and-in-the-surrounding-neighborhood.png,True
http://themadwriter.us/wp-content/uploads/2017/02/Chicago-synagogue-vandalized.png,False
https://s3.amazonaws.com/media.rce/1914_willy_grafitti_this_is_photo_from_fbf.jpg,False
,False
,False
https://pbs.twimg.com/media/C34Rmt3WEAAyt3P.jpg,True
,False
http://chicagoist.com/attachments/chi_sgossett/640swastikalogan.jpg,True
https://lintvkoin.files.wordpress.com/2017/02/swastika-eugene.jpg?w=550&h=634,True
,False
,False
,False
https://www.google.com/url?sa=i&url=https%3A%2F%2Fwww.dnj.com%2Fstory%2Fnews%2F2017%2F02%2F08%2Fblackman-high-expels-2-girls-swastika%2F97657830%2F&psig=AOvVaw0ldFo0zi2WsTu7vr8IH6Gf&ust=1591484363567000&source=images&cd=vfe&ved=0CAIQjRxqFwoTCMjE1LTj6-kCFQAAAAAdAAAAABAD,True
,False
,False
,False
http://static.lakana.com/media.fox26houston.com/photo/2017/02/08/Swastika_graffiti_found_in_front_of_a_Sp_0_2730472_ver1.0_640_360.jpg,True
,False
,False
https://www.nydailynews.com/resizer/pehMUzO7gmswlryKvuHxZ87LQC4=/800x450/top/arc-anglerfish-arc2-prod-tronc.s3.amazonaws.com/public/2AY2C75JUGJUASRCEG2OCJB5OQ.jpg,False
https://pbs.twimg.com/media/C4QKhydVYAA9pYL?format=jpg&name=medium,True
https://dailygazette.com/sites/default/files/styles/article_image/public/king-swastika.jpg?itok=maA3Urwx,False
http://jewishjournal.com/wp-content/uploads/2017/02/com-swastikas-cap.jpg,True
,False
http://www.miamiherald.com/news/state/florida/t7nsxe/picture132357649/alternates/FREE_1140/C4fp82zXAAA5zln,False
http://antisemitism.org.il/sites/default/files/2017151.jpg,False
,False
,False
,False
https://dailystormer.su/wp-content/uploads/2017/02/1487280129-16806861_10154543614711939_3429565691184532566_n.jpg,True
,False
,False
http://mediad.publicbroadcasting.net/p/wrni/files/styles/large/public/201702/swastika_ymca_bshaykin.jpg,False
http://onlineathens.com/sites/default/files/styles/slideshow__640x360/public/images/1318228_web1_la-pa.jpg?itok=pWZfMwEe,False
http://ww3.hdnux.com/photos/57/24/06/12403078/5/920x920.jpg,True
,False
http://image.pennlive.com/home/penn-media/width620/img/news/photo/2017/02/17/rock2jpeg-cab50e5ba89b7068.jpeg,True
https://bw-11f9e78e4899a78dedd439fc583b6693-bwcore.s3.amazonaws.com/articles/Swastika-pic.png,True
,False
,False
,False
https://bloximages.newyork1.vip.townnews.com/swnewsmedia.com/content/tncms/assets/v3/editorial/e/8d/e8d141ba-bec7-5d72-9f02-af96909951b7/58ac7ac2d5209.image.jpg?resize=1200%2C808,True
https://bloximages.newyork1.vip.townnews.com/fredericknewspost.com/content/tncms/assets/v3/editorial/f/cb/fcbc9dd9-3fe0-5ddc-96f9-6b1cf5751574/58ae56c57472c.image.jpg?crop=1240%2C690%2C4%2C613&resize=750%2C417&order=crop%2Cresize,True
https://i1.wp.com/www.wallyhood.org/wp-content/uploads/2017/02/swastika-e1488176275988.jpg?resize=738%2C554,True
,False
,False
https://media.nbcwashington.com/images/652*367/Swastikas_Racist_Graffiti_Found_on_8_Cars_in_Virginia.jpg,True
https://bloximages.chicago2.vip.townnews.com/tbrnews.com/content/tncms/assets/v3/editorial/5/bb/5bba8d56-fee7-11e6-ac44-47bd887cf4bc/58b7756e90596.image.jpg?resize=1200%2C760,False
,False
https://ewscripps.brightspotcdn.com/dims4/default/94820e1/2147483647/strip/true/crop/640x360+0+60/resize/1280x720!/quality/90/?url=http%3A%2F%2Fmedia2.wkbw.com%2Fphoto%2F2017%2F02%2F25%2FGraff3_1488047066938_55823343_ver1.0_640_480.png and https://ewscripps.brightspotcdn.com/dims4/default/c8c027b/2147483647/strip/true/crop/0x0+0+0/resize/1280x720!/quality/90/?url=http%3A%2F%2Fmedia2.wkbw.com%2Fphoto%2F2017%2F02%2F25%2FIMG_1321%20_OP_1_CP__1488053132755_55820890_ver1.0_640_480.jpeg,True
,False
http://image.nj.com/home/njo-media/width620/img/centraljersey_impact/photo/22205991-mmmain.jpg,True
http://www.miamiherald.com/news/local/community/miami-dade/miami-beach/muc0xz/picture135138849/alternates/FREE_768/swastika+epf and https://www.miamiherald.com/news/local/community/miami-dade/miami-beach/1tylbr/picture135138854/alternates/FREE_768/SwCar%20one%20mhd%20epf,False
https://www.mymotherlode.com/wp-content/uploads/2017/03/SPD-Graffiti-on-Mono-Way-wall-3-3-17-300x225.jpg,True
http://wlne.images.worldnow.com/images/13259965_G.jpg,True
http://kvvu.images.worldnow.com/images/13245840_G.jpg?auto=webp&disable=upscale&width=800,True
"http://a3.static.dailyvoice.com/image/upload/c_fill,dpr_2,f_auto,q_auto:eco,w_640/Screen_shot_2017-02-26_at_7.30.46_AM_yhv1uf",False
https://pbs.twimg.com/media/C52LBsqWYAYwHtn.jpg,True
,False
https://cdn20.patchcdn.com/users/22844250/20170301/110753/styles/T600x450/public/article_images/graffiti_cleaned-1488384389-2827.jpg,True
,False
,False
,False
,False
https://bloximages.newyork1.vip.townnews.com/postandcourier.com/content/tncms/assets/v3/editorial/9/c4/9c4e2f04-ff90-11e6-b008-0fef75339e35/58b8a138c0f3d.image.jpg?resize=500%2C889,True
,False
,False
https://cbsnewyork.files.wordpress.com/2017/02/westorangeswastikas.jpg?w=310&h=174&crop=1,True
,False
https://www.gannett-cdn.com/-mm-/cecd69ccbc9222255d3499a4a48a9e92ba6915d3/c=153-0-2547-1800&r=x404&c=534x401/local/-/media/2017/03/06/Bergen/NorthJersey/636244048079666655-symbol.jpg,True
,False
,False
,False
,False
https://pbs.twimg.com/media/C6fUh25WcAIdPMo.jpg,True
https://psuvanguard.com/wp-content/uploads/2017/03/Huwytegraffiti-e1489080903959.jpg,True
,False
,False
http://stmedia.stimg.co/ows_148968237738660.jpg?w=525,True
,False
,False
https://mgtvklfy.files.wordpress.com/2017/03/swastika12.jpg,True
http://static-13.sinclairstoryline.com/resources/media/a4256f0e-78d7-4c78-8723-46b9bdb638af-medium36x25_image3.JPG,True
,False
,False
https://www.gannett-cdn.com/-mm-/d4d253303a7d41dc8750b8eadd6e87d44a7f0965/c=5-0-4027-3024&r=x404&c=534x401/local/-/media/2017/03/29/Phoenix/Phoenix/636264032672596129-trump-billboard.jpg,True
,False
,False
,False
http://antisemitism.org.il/sites/default/files/2017258.jpg,False
https://19818-presscdn-pagely.netdna-ssl.com/wp-content/uploads/df5/c1/e556722b217df9df.png,False
,False
,False
,False
https://i2.wp.com/www.jweekly.com/wp-content/uploads/2017/03/Scarlmonthigh-toasted-contrast-e1490219435176.jpg?resize=1280%2C720px&ssl=1,True
https://cdn20.patchcdn.com/users/122971/20170324/034317/styles/T600x450/public/article_images/swa2-1490384594-3272.jpg,True
https://www.wweek.com/resizer/XsPxGLQUmDn5ye9QKIzD3jQIzwk=/600x0/filters:quality(100)/s3.amazonaws.com/arc-wordpress-client-uploads/wweek/wp-content/uploads/2017/03/28161800/Grant_Park_Ramona_Quimby_Graffiti_Antifa_3-1200x600.jpg and https://www.wweek.com/resizer/H4Py6EX9u6-jI1wTx_LyRTU0iCo=/1200x0/filters:quality(100)/s3.amazonaws.com/arc-wordpress-client-uploads/wweek/wp-content/uploads/2017/03/28161752/Grant_Park_Ramona_Quimby_Graffiti_Antifa_2.jpg,True
,False
https://pbs.twimg.com/media/C7sPUXqXUAIc7nn.jpg,True
,False
,False
,False
https://www.gannett-cdn.com/-mm-/9f51dca0f9c8991283860ddf92757fd466e26cc6/c=548-218-3261-2258/local/-/media/2017/03/28/FSUNews/FSUNews/636263155259165196-IMG-4485.jpeg?width=534&height=401&fit=crop,True
,False
,False
https://thetab.com/blogs.dir/91/files/2017/05/18447950-1489714494414879-451069623-n-600x284.jpg,False
,False
,False
,False
,False
https://bloximages.newyork1.vip.townnews.com/wspynews.com/content/tncms/assets/v3/editorial/2/0f/20f8b708-1abf-11e7-b6d5-63bb03a5f7fa/58e62bd75cebe.image.jpg?resize=750%2C629,True
https://chpn.net/wp-content/uploads/2017/04/IMG_6665-1024x768.jpg,True
https://www.inquirer.com/resizer/IjNvDATwfvfJavmAmT-6c4GaH6o=/1400x932/smart/arc-anglerfish-arc2-prod-pmn.s3.amazonaws.com/public/RIGS5TWWCBB2TEWIQFOFWHMM2A.jpg,True
https://turnto10.com/news/local/gallery/vandals-paint-swastikas-on-towns-walking-path#photo-1,True
,False
http://www.jta.org/wp-content/uploads/2017/04/swastika-e1491976057824-635x357.jpg and https://wtop.com/wp-content/uploads/2017/04/jcc_graffiti_dul.jpg,True
https://images.dailykos.com/images/387995/story_image/Screen_Shot_2017-04-07_at_2.06.58_PM.png?1491928486,False
https://wtop.com/wp-content/uploads/2017/04/C9Jh2dNXcAE6vMO.jpg,True
"https://kdvr.com/wp-content/uploads/sites/11/2017/05/promo318143248.jpg?resize=960,540",True
,False
,False
,False
,False
https://snworksceo.imgix.net/cav/03c24f62-cf51-4e31-a2a9-f25547ec1049.sized-1000x1000.png?w=1000,True
https://www.usnews.com/dims4/USNEWS/237cdfe/2147483647/thumbnail/970x647/quality/85/?url=%2Fcmsmedia%2F78%2F7106a755344bca34776525012ce979%2Fresizes%2F1500%2Fmedia%3Ac8304bafcca44e20982cf96ec33a6ca7Bus_Stop_Graffiti_28002.jpg,False
https://pbs.twimg.com/media/C9YxXCWUwAAIqE7.jpg:medium,True
https://www.presstelegram.com/wp-content/uploads/migration/2017/201704/NEWS_170419462_AR_0_OIECRGDNJCZL.jpg?w=810,True
http://www.wcnc.com/img/resize/content.wcnc.com/photo/2017/04/20/swastika%20lakana_1492728113581_9268925_ver1.0.png?preset=534-401,False
,False
https://media1.fdncms.com/stranger/imager/u/large/25081566/1492452323-17992334_10212096361990505_4911840237525471093_n.jpg,False
,False
,False
,False
https://bloximages.newyork1.vip.townnews.com/dailyemerald.com/content/tncms/assets/v3/editorial/6/ec/6ec14795-1743-59a5-b89b-39e57faa626c/5ba580fe17d62.image.jpg?resize=1200%2C675,False
,False
https://a.spirited.media/wp-content/uploads/sites/2/2017/04/C-GEfBjXUAQ5wog-1024x576.jpg and https://pbs.twimg.com/media/C-EgaH_XUAAYN4J?format=jpg&name=360x360 and https://scontent.fdet1-1.fna.fbcdn.net/v/t1.0-0/p403x403/18119391_10106216384312809_8686493894847813842_n.jpg?_nc_cat=110&_nc_sid=110474&_nc_ohc=HXvhpelx5msAX8_p-f5&_nc_ht=scontent.fdet1-1.fna&_nc_tp=6&oh=f7b057504cdbbd7f526110cb706da7cc&oe=5F07E47C,True
,False
,False
https://a2eea634e272e4d0397b-945473fc3cc5469c566cabae88ab28a4.ssl.cf1.rackcdn.com/0/0/0/0/34/424/34424_1,False
,False
http://wdrb.images.worldnow.com/images/13744656_G.jpg,True
http://media.graytvinc.com/images/810*455/swastika4.jpg,True
https://bdn-ss-fhf.s3.amazonaws.com/uploads/2017/05/36629081_H20331018-768x512.jpg,True
,False
,False
,False
,False
,False
,False
,False
,False
,False
,False
http://image.mlive.com/home/mlive-media/width620/img/annarbornews_impact/photo/22670958-mmmain.jpg and https://www.mlive.com/resizer/HIEOAlcH3xjPLdf4E1ooYPKvz-4=/1280x0/smart/advancelocal-adapter-image-uploads.s3.amazonaws.com/image.mlive.com/home/mlive-media/width2048/img/annarbornews_impact/photo/22670968-standard.jpg,True
,False
http://ww1.hdnux.com/photos/61/17/75/12910432/10/920x920.jpg,True
,False
https://www.gannett-cdn.com/-mm-/5f7462af07e335b7144cb61b6817970df48c77b4/c=0-187-800-1254&r=537&c=0-0-534-712/local/-/media/2017/05/17/Naples/Naples/636306210395595855-18423084-1469152839773353-6800955704430231711-o.jpg,True
https://www.johnsoncitypress.com/image/2017/05/17/x700_q30/Tweetsie-Swastika-2-JPG.jpg and https://www.johnsoncitypress.com/mediaFiles?type=image&url=/image/2017/05/17/Tweetsie-Trail-Swastika1-jpg.jpg&caption=Ralph%20Johnston,False
,False
,False
https://brooklyneagle.com/wp-content/uploads/2017/05/bay-ridge-swastika.jpg,True
,False
,False
"http://www.post-gazette.com/image/2017/05/30/1140x_q90_a10-7_cTC_ca104,5,1637,1027/antisemitic-message-Mt-Lebanon.jpg",False
http://www.12newsnow.com/img/resize/content.12newsnow.com/photo/2017/05/31/vlcsnap-2017-05-31-21h20m05s469_1496283627051_9607275_ver1.0.png?preset=534-401,False
https://www.amchainitiative.org/wp-content/uploads/2017/06/Evergreen-State-College-Attomwaffen-Division-Posters-6.6.17.jpg,True
,False
https://brooklyneagle.com/wp-content/uploads/2017/06/news_swastika_gravesend.jpg,True
http://media2.wcpo.com/photo/2017/06/06/vandalism_1496785198797_60748430_ver1.0_640_480.jpg,True
,False
"https://denver.cbslocal.com/wp-content/uploads/sites/15909806/2017/06/graffiti-1-from-karen-wolf-fb.jpg?resize=640,480 and https://denver.cbslocal.com/wp-content/uploads/sites/15909806/2017/06/swastika-graffiti-7pkg_frame_744.jpg?resize=620,349",True
,False
,False
,False
,False
,False
https://www.wday.forum.cue.cloud/news/article672837.ece/alternates/BASE_LANDSCAPE/060517.n.wday_.swastika.jpg,False
,False
https://www.eastbaytimes.com/wp-content/uploads/2017/06/arg-prank-0616-01-01.jpg?w=797,True
,False
,False
https://media.nbclosangeles.com/2019/09/racist-grafitti-for-web.JPG?resize=1200%2C675,True
https://bloximages.chicago2.vip.townnews.com/poststar.com/content/tncms/assets/v3/editorial/d/62/d62a3d8d-e297-5f3f-9020-53c269f402b1/594968f7d635d.image.jpg,True
https://wpcdn.us-east-1.vip.tn-cloud.net/www.klkntv.com/content/uploads/2017/06/14170896_G-768x1399.jpg,True
,False
,False
https://localtvwiti.files.wordpress.com/2017/06/sheboygan-hate-11.jpg?quality=85&strip=all&w=400&h=225&crop=1,True
,False
,False
,False
https://www.presstelegram.com/wp-content/uploads/migration/2017/201707/NEWS_170729851_AR_0_SSTLAMIXZLIL.jpg?w=810,True
,False
https://media.nbcconnecticut.com/2019/09/SWASTIKA-AT-SOUTHWEST-SCHOOL-TORRINGTON-BLUR.jpg?resize=850%2C478,True
https://www.dailystormer.com/wp-content/uploads/2017/07/eXNvczd2LmpwZw.jpg,True
,False
https://www.metro.us/wp-content/uploads/2020/02/brooklyn_swastikas_youtube_hikind_news.jpg,True
https://cdn20.patchcdn.com/users/127241/20170713/110050/styles/T600x450/public/processed_images/nazi_symbol_on_van_dien_1-1499957581-8849.jpg,True
https://youtu.be/bAmroeNyDSQ,True
,False
,False
https://media-beta.wsbtv.com/photo/2017/07/23/SwastikaMenu_1500864081930_8677981_ver1.0_320_240.jpg,True
,False
https://pbs.twimg.com/media/DFg-6HGUIAApdnF.jpg,True
,False
http://media2.kshb.com/photo/2017/08/11/slurs_1502455227789_64028915_ver1.0_640_480.jpg,True
,False
http://static-27.sinclairstoryline.com/resources/media/67606464-ce4c-4979-830d-1de4fabcf147-large16x9_ScreenShot20170817at1.41.18AM.png,True
,False
https://www.gannett-cdn.com/-mm-/66df1623c0753c4be0c526255f68b1c4b5a3e2a3/c=0-0-2448-3264&r=537&c=0-0-534-712/local/-/media/2017/08/15/NJGroup/AsburyPark/636383960207919841-IMG-6020.JPG,True
,False
,False
,False
http://image.mlive.com/home/mlive-media/width960/img/grpress/news_impact/photo/American%20Flag.JPG,True
http://static-33.sinclairstoryline.com/resources/media/6e0dfac8-b539-490a-a390-46bca881fb78-large16x9_fencegraffiti15aug2017.jpg,True
http://image.cleveland.com/home/cleve-media/width960/img/plain-dealer/photo/2017/08/16/-5f22bce9abee9c7e.png and https://image.cleveland.com/home/cleve-media/width960/img/plain-dealer/photo/2017/08/16/-c0f61eee78d2d00d.png,True
,False
http://image.mlive.com/home/mlive-media/width960/img/grpress/news_impact/photo/23241696-mmmain.jpg,True
,False
http://www.miamiherald.com/news/local/community/miami-dade/w9xq6/picture167544352/alternates/FREE_1140/_MG_0854,False
,False
https://media.kare11.com/assets/KPNX/images/7a8b9572-8226-4f28-b06e-c3b358df4ef6/7a8b9572-8226-4f28-b06e-c3b358df4ef6_1920x1080.jpg,True
http://static.lakana.com/media.fox2detroit.com/photo/2017/08/18/AA%20SWASTIKAS_1503071075371_3934414_ver1.0_640_360.jpg,True
,False
,False
http://static-21.sinclairstoryline.com/resources/media/9e048563-b2b8-4a30-8f54-f512296f9b00-large16x9_TRUMPSWASTIKA.JPG,True
,False
https://www.kron4.com/wp-content/uploads/sites/11/2017/08/vlcsnap-2017-08-21-20h50m31s162_32848933_ver1.0.png?w=1280&h=720&crop=1,True
https://cms.prod.nypr.digital/images/36468/fill-661x496/,True
,False
https://cdn-s3.si.com/s3fs-public/styles/marquee_large_2x/public/2017/08/23/swastika.jpg?itok=mOGxiLEJ,False
https://i0.wp.com/right-mind.us/wp-content/uploads/2017/08/New-Study-Finds-Wimpy-Guys-Are-More-Likely-To-Be-SocialistsRSLocalFile-1C8CD38C-C5A2-4D2C-BC95-96A436486EA3.png?fit=539%2C425&resize=350%2C200,True
https://ots.nbcwpshield.com/wp-content/uploads/2019/09/coatesville_racist_grafiti_comp.jpg?fit=1200%2C675,True
,False
https://bloximages.newyork1.vip.townnews.com/gwinnettdailypost.com/content/tncms/assets/v3/editorial/8/4a/84aaf877-15f5-5274-b94b-5c004d307a80/59a0704842b7d.image.jpg,True
,False
https://assets.dnainfo.com/photo/2017/8/1503686663-307950/extralarge.jpg,True
,False
,False
,False
https://cdn.abcotvs.com/dip/images/2345970_082617-wls-pro-nazi-graffit-img.jpg?w=1280&r=16%3A9,True
https://www.gannett-cdn.com/-mm-/2e3fe0b3ef31b51ed31002079cddbd00082b19a1/c=0-0-720-960&r=537&c=0-0-534-712/local/-/media/2017/08/29/TXNMGroup/StGeorge/636396164199347670-swastika.jpg,True
https://cronkitenews.azpbs.org/wp-content/uploads/2017/08/losbandidos.1170.jpg,True
http://ww1.hdnux.com/photos/65/26/26/13985200/5/920x920.jpg,True
,False
,False
,False
https://s3-eu-west-1.amazonaws.com/uploads-origin.guim.co.uk/2017/08/30/Richard_Misrach.jpg,True
,False
https://amchainitiative.org/wp-content/uploads/2017/09/u-mary-washington.swastika.png,True
,False
,False
https://media.krqe.com/nxs-krqetv-media-us-east-1/photo/2017/09/04/nazi-house-1_31016483_ver1.0_640_360.jpg,False
http://extras.mnginteractive.com/live/media/site21/2017/0906/20170906__07DCASWAw~1.jpg,False
,False
,False
,False
https://thehoya.com/wp-content/uploads/2017/09/swastika-copy-168x300.jpeg,True
,False
,False
,False
,False
,False
https://static.timesofisrael.com/jewishstanddev/uploads/2017/09/hackensack-swastika-640x400.jpg,True
,False
,False
,False
,False
,False
http://www.daily49er.com/wp-content/uploads/2017/09/IMG_3288.jpg,False
http://image.theoaklandpress.com/storyimage/OP/20170918/NEWS/170919619/AR/0/AR-170919619.jpg&maxh=400&maxw=667,False
https://cdn.geekwire.com/wp-content/uploads/2017/09/naziseattle.png,True
,False
https://bloximages.chicago2.vip.townnews.com/host.madison.com/content/tncms/assets/v3/editorial/1/b9/1b9f485c-552e-53b1-81ee-4ab89879b18f/59c2975d4e28d.image.jpg?resize=1200%2C1599,True
,False
http://wbtv.images.worldnow.com/images/14982074_G.jpg?auto=webp&disable=upscale&width=800,False
,False
,False
,False
,False
,False
,False
,False
,False
https://bloximages.chicago2.vip.townnews.com/athensnews.com/content/tncms/assets/v3/editorial/f/9e/f9e437ae-a543-11e7-acec-df161d0e4700/59ce9105b21a5.image.jpg,True
,False
https://tribwpix.files.wordpress.com/2017/10/22179719_1692638924140607_2588562745498436571_o.jpg?quality=85&strip=all&w=600,True
,False
,False
http://www.trbimg.com/img-59df9f89/turbine/bs-1507827589-m9t9fjwmto-snap-image/1600/1600x900,True
,False
http://static-33.sinclairstoryline.com/resources/media/47fd11fe-cbf1-4eb7-92ea-1352ec5d8d00-large16x9_swastikagolfcourse.jpg,True
,False
https://pbs.twimg.com/media/DL8ljYZWsAALk1m.jpg,True
http://media.graytvinc.com/images/810*454/swas2toned.JPG,True
,False
,False
,False
,False
http://image.silive.com/home/silive-media/width600/img/latest_news/photo/nws-swastika-237d1f9d6bc42ec6.jpg,True
,False
http://www.wweek.com/resizer/g06md1VC-PoLdorr6ZUEb2va7Ns=/600x0/filters:quality(100)/s3.amazonaws.com/arc-wordpress-client-uploads/wweek/wp-content/uploads/2017/10/19125628/web_news_RamonaQuimbyGraffiti_WWStaff.jpg,True
,False
https://media.kron.com/nxs-krontv-media-us-east-1/photo/2017/10/20/0BE4769662E54A18818184F8C7C63584_36007078_ver1.0_1280_720.jpg,False
https://static.timesofisrael.com/www/uploads/2017/10/063_863152126-640x400.jpg and https://static.timesofisrael.com/www/uploads/2017/10/AP17292733588662.jpg,True
http://static-28.sinclairstoryline.com/resources/media/65cc30e4-691a-4394-97c0-c45247102296-large16x9_swastikagraffiti.jpg,True
,False
,False
,False
http://i1.wp.com/cornellsun.com/wp-content/uploads/2017/10/antisemitic-Poster.jpg?w=1600,False
,False
,False
https://www.google.com/url?sa=i&url=https%3A%2F%2Fwww.wlky.com%2Farticle%2Fswastika-carved-into-couple-s-pumpkin%2F13100280&psig=AOvVaw3Qylt_cLq_OAKN8h_1w_gR&ust=1592778938435000&source=images&cd=vfe&ved=0CAIQjRxqFwoTCIiC3Yu6keoCFQAAAAAdAAAAABAD,True
http://cdn.timesofisrael.com/uploads/2017/10/swastikas-cropped.jpg,True
,False
https://www.wuft.org/news/files/2016/10/Swastikas-1024x792.jpg,False
,False
,False
,False
,False
http://static-10.sinclairstoryline.com/resources/media/e3f85d1e-2d04-43ba-84b3-f93db3211a38-large16x9_SwastikaPG1.PNG,True
,False
,False
https://media.thetab.com/blogs.dir/110/files/2017/10/img-0149-e1509314695126-540x284.jpg,True
,False
,False
,False
http://image.nj.com/home/njo-media/width960/img/ocean_impact/photo/jacksonjpg-8e74bd084b4c270b.jpg,True
,False
,False
https://dur-duweb.newscyclecloud.com/storyimage/DU/20171108/NEWS01/171109512/AR/0/AR-171109512.jpg?ts=1510277140&maxw=1290,False
,False
"https://www.google.com/url?sa=i&url=https%3A%2F%2Fwww.kivitv.com%2Fnews%2Fswastika-racial-slurs-found-spray-painted-at-boise-park&psig=AOvVaw0B2xbYTv89baGT_faH8wU_&ust=1592870742802000&source=images&cd=vfe&ved=0CAIQjRxqFwoTCJC-iIuQlOoCFQAAAAAdAAAAABAH and https://ewscripps.brightspotcdn.com/dims4/default/567a2b6/2147483647/strip/true/crop/640x360+0+0/resize/1280x720!/quality/90/?url=https%3A%2F%2Fmediaassets.kivitv.com%2Fphoto%2F2017%2F11%2F09%2FWEB%20Park%20vandalism%201_1510254753990_71131762_ver1.0_640_480.png
",True
,False
,False
,False
,False
,False
https://media.fox5atlanta.com/media.fox5atlanta.com/photo/2017/11/14/P%20CANTON%20PLAYGROUND%20VANDALIZED%2011P_00.01.16.22_1510718331819_4518087_ver1.0_640_360.png,False
,False
,False
https://www.gannett-cdn.com/-mm-/d4d253303a7d41dc8750b8eadd6e87d44a7f0965/c=5-0-4027-3024&r=x404&c=534x401/local/-/media/2017/11/22/Staunton/Staunton/636469365235632189-IMG-1049.JPG,True
,False
,False
,False
,False
,False
,False
,False
http://www.charlotteobserver.com/news/local/rin9i0/picture188508934/alternates/LANDSCAPE_1140/swastika,False
,False
,False
,False
,False
,False
,False
http://jewishjournal.com/wp-content/uploads/2017/12/aliyah-photo2-1201x858.jpg,True
,False
,False
https://cdn.abcotvs.com/dip/images/2782841_121417-wabc-bronxswastika.jpg?w=1280&r=16:9,True
,False
http://www.trbimg.com/img-5a3d764f/turbine/cc-1513977417-wp3h6dmd7c-snap-image/1600/1600x900,True
,False
https://psuvanguard.com/wp-content/uploads/2017/12/Screen-Shot-2017-12-28-at-3.58.14-PM.png,True
,False
,False
http://www.thestate.com/news/local/crime/ee6kb2/picture191724944/alternates/LANDSCAPE_1140/20171225_143608,False
https://cdn20.patchcdn.com/users/22821270/20170103/033748/styles/T600x450/public/article_images/brady_park-1483475862-4146.jpg and https://patch.com/img/cdn20/users/22821270/20170103/082338/styles/raw/public/article_images/img_1279-1483449801-3135.jpg?width=705 and https://patch.com/img/cdn20/users/22821270/20170103/033748/styles/raw/public/article_images/brady_park_2-1483475862-3176.jpg?width=705,True
http://www.khou.com/img/resize/content.khou.com/photo/2017/02/01/Fence_1485985512883_8003196_ver1.0.jpg?preset=320-240,False
,False
,False
,False
https://www.eugeneweekly.com/wp-content/uploads/2018/01/20180111news-2-1300x844.jpg,True
,False
http://njjewishnews.com/images/made/images/uploads/SnowSwastikaHrt_300_300_90.jpg,False
https://mediaassets.theindychannel.com/photo/2018/01/08/Swastika_1515462114843_75627199_ver1.0_640_480.JPG,True
https://mediaassets.theindychannel.com/photo/2018/01/08/Swastika_1515462114843_75627199_ver1.0_640_480.JPG,True
,False
https://www.eugeneweekly.com/wp-content/uploads/2018/01/20180111news-2-1300x844.jpg,True
http://static-30.sinclairstoryline.com/resources/media/a0c18a7c-d1de-4625-8e0b-9bd9f63ae412-large16x9_image000000.jpg?1515542892807,False
,False
,False
https://media2.fdncms.com/pittsburgh/imager/u/blog/6348443/swastika_snow_pittsburgh.jpg?cb=1516914665,True
,False
https://www.westsiderag.com/wp-content/uploads/2019/01/BB5F58E5-00CA-48FD-A6C9-87D010BB309A-e1542626699199.jpg,True
,False
https://bloximages.chicago2.vip.townnews.com/billingsgazette.com/content/tncms/assets/v3/editorial/e/75/e7508622-1588-5799-9505-f340c806cedc/5a6a532b24774.image.jpg,True
https://bloximages.chicago2.vip.townnews.com/billingsgazette.com/content/tncms/assets/v3/editorial/6/97/697ea6f9-df91-5fd0-804b-befd0ccf7a04/5a750f730943b.image.jpg?resize=1700%2C1044,True
,False
,False
,False
http://www.sanluisobispo.com/news/local/crime/6vxjva/picture198469149/alternates/LANDSCAPE_1140/Islay%20Cow010,False
https://bloximages.newyork1.vip.townnews.com/bakersfield.com/content/tncms/assets/v3/editorial/6/1d/61d5cac2-06e6-11e8-87e1-4bafc6a58b9c/5a725e6ecf2c9.image.jpg?resize=1200%2C800,True
,False
https://bloximages.newyork1.vip.townnews.com/columbiachronicle.com/content/tncms/assets/v3/editorial/8/e5/8e57c9ba-0df3-11e8-a0f5-17bdf34d95c1/5a7e336037f73.image.jpg,False
http://images.tritondigitalcms.com/6616/sites/274/2018/02/01080522/marcus-768x513.jpg,False
,False
,False
,False
,False
https://s3.amazonaws.com/media.car/21252_news_snowswastikap.jpg,False
https://pbs.twimg.com/card_img/1007745188947783680/m2VE-Qgb?format=jpg&name=600x314,False
,False
https://pbs.twimg.com/media/DWIJUMRX4AAxsti.jpg,False
https://i2.wp.com/deerfieldscroll.com/wp-content/uploads/2018/03/IMG_1717-1.jpg?resize=768%2C576,True
,False
https://images.squarespace-cdn.com/content/v1/54f74f23e4b0952b4e0011c0/1519094111675-R9XT0LFL5QG8LKMQSZZB/ke17ZwdGBToddI8pDm48kA2FyzyfLmTGEfc7U4e-5-lZw-zPPgdn4jUwVcJE1ZvWQUxwkmyExglNqGp0IvTJZUJFbgE-7XRK3dMEBRBhUpxTUvLxAzuI0zWRsNqsZOS7BDMb4g7c71cFovzNIDIv1jX-KKKOvlhvO3ns86pZVLk/IMG-2645.JPG?format=1500w,True
https://cdn-images-1.medium.com/max/2000/1*2oUfKIPsJlN6K1JZOC-yIw.jpeg,True
,False
https://www.liherald.com/uploads/original/1519243607_e7ae.jpg,True
,False
,False
,False
,False
,False
https://bdn-data.s3.amazonaws.com/uploads/2018/03/download-720x445.png,True
http://www.liherald.com/uploads/original/1519830522_c27c.jpg,True
,False
,False
,False
,False
,False
,False
https://i0.wp.com/www.westernfrontonline.com/wp-content/uploads/2018/03/5322259170009278758-e1521249747906.jpg?resize=447%2C575,True
http://www.kansascity.com/latest-news/u4wp17/picture205800809/alternates/FREE_1140/BROWN%20ME%2020180318%20KAM%20080F.jpg,False
https://cdn10.phillymag.com/wp-content/uploads/sites/3/2018/03/swastika-northern-liberties-house-1.jpg,True
,False
,False
,False
https://www.gannett-cdn.com/-mm-/735dab910872766e42a151b933ccaa6fb336f509/c=209-0-4619-3316&r=x404&c=534x401/local/-/media/2018/03/26/Springfield/Springfield/636576661349518133-tGrafitti00060.jpg,True
,False
https://image.nj.com/home/njo-media/width960/img/essex_impact/photo/2018/04/01/quintanaposterjpg-ca7b70d0aae6c138.jpg,True
,False
http://www.kansascity.com/latest-news/j2vjx0/picture208184824/alternates/FREE_1140/Clipboard.jpg,False
http://www.cjonline.com/storyimage/KS/20180408/NEWS/180408575/AR/0/AR-180408575.jpg,False
,False
https://media.nbcconnecticut.com/images/1200*675/WATERBURY-SWASTIKAS.jpg,False
https://www.themiamihurricane.com/wp-content/uploads/2018/04/Swastika-on-door.jpg,True
https://s3.amazonaws.com/assets.knackhq.com/assets/5b39a57db48a6b2ec0cc0ded/5b7311b7266cfa53d0a035b1/original/calpolysloswastikaonpresidentforehead4.13.18.jpg,True
,False
,False
,False
https://imagesvc.timeincapp.com/v3/mm/image?url=https%3A%2F%2Ftimedotcom.files.wordpress.com%2F2018%2F04%2Fneo-nazi-rally-georgia.jpg&w=1600&q=70,True
http://www.sanluisobispo.com/latest-news/aynql4/picture209677449/alternates/LANDSCAPE_1140/31096765_10155521116423857_6438645448356921344_o.jpg,False
,False
http://www.kansas.com/latest-news/l4nqa9/picture209858269/alternates/LANDSCAPE_1140/dog%20swastika.jpg,False
https://amchainitiative.org/wp-content/uploads/2018/05/Eastern-Florida-State-College-flyers-4.27.18.jpg,False
,False
,False
,False
,False
,False
https://static.timesofisrael.com/www/uploads/2018/05/vandal.jpg,True
,False
,False
,False
,False
,False
http://www.trbimg.com/img-5b06c865/turbine/bs-1527171168-0xo257zvot-snap-image/750/750x422,True
,False
https://thenypost.files.wordpress.com/2018/05/180529-swastika-clean-up-cemetery-02.jpg?quality=90&strip=all&w=1324,True
blob:https://www.nbcconnecticut.com/f6c3c7a3-f1f2-4479-a665-6f8cb3672c87,True
,False
https://static.seattletimes.com/wp-content/uploads/2018/06/Truck-Vandalism_93157-1242x828.jpg,True
https://sunbeamwhdh.files.wordpress.com/2018/06/180619randolphspraypaint.jpg?quality=60&strip=color,True
,False
https://www.gannett-cdn.com/-mm-/cc9b9306bcc485f7742aa512591c882360204bab/c=5-0-4027-3024/local/-/media/2018/06/25/TXNMGroup/ElPaso/636655315696632286-IMG-4833.JPG?width=540&height=405&fit=crop,True
https://sunbeamwhdh.files.wordpress.com/2018/06/180626-racist-flyer-westford.jpg?quality=60&strip=color,True
,False
,False
https://s.hdnux.com/photos/71/01/24/14947597/7/920x920.jpg,True
,False
,False
https://d.newsweek.com/en/full/1025102/ohio-house-racial-slurs.webp?w=737&f=0d66346dd7a2b5e2112d10faa224bc1e,True
https://www.ellsworthamerican.com/wp-content/uploads/sites/4/2018/07/swastika-15.jpg,False
,False
,False
,False
https://besttv232-ynet-images1-prod.cdn.it.best-tv.com/PicServer5/2018/07/30/8688028/8688026099880640360no.jpg,False
https://patch.com/img/cdn20/users/22893546/20180730/034042/styles/raw/public/processed_images/djsgqctu0aeojdi-1532977022-3986.jpg?width=695,True
,False
https://bloximages.chicago2.vip.townnews.com/nonpareilonline.com/content/tncms/assets/v3/editorial/a/a3/aa38628e-99a8-11e8-a9c8-87d3057df392/5b6897187742f.image.jpg?resize=1263%2C947,True
https://bloximages.chicago2.vip.townnews.com/vtcng.com/content/tncms/assets/v3/editorial/b/af/baf757d6-a14d-11e8-a636-5be348871da7/5b756a5196c17.image.jpg,True
,False
,False
https://www.newsandtribune.com/content/tncms/live/#1,True
https://pbs.twimg.com/media/Dkfpyb2WsAAV3Be?format=jpg&name=small,False
https://bloximages.newyork1.vip.townnews.com/southernminn.com/content/tncms/assets/v3/editorial/8/4f/84fb243a-7c8e-5340-af3a-b91bf64137fc/5b745c52d648d.image.jpg,True
,False
https://media1.fdncms.com/csindy/imager/u/blog/14696210/20180820_191623.jpg?cb=1534970054,False
https://36yrz82f039s43dlq3eidz72-wpengine.netdna-ssl.com/wp-content/uploads/2018/10/Vandelism.jpg,False
,False
,False
,False
https://thenypost.files.wordpress.com/2018/08/180831-fdny-swastikas1.jpg?quality=90&strip=all&w=1236&h=820&crop=1,True
,False
,False
,False
,False
,False
,False
,False
https://www.wthr.com/sites/default/files/images/2018/09/28/Pike%20HS-swastika%20vandalism.jpg,False
,False
,False
,False
,False
,False
,False
,False
,False
https://snworksceo.imgix.net/dtc/1f90ec8e-c214-4fb9-9f9a-c83a18b6f532.sized-1000x1000.jpg?w=1000,True
https://www.mercurynews.com/wp-content/uploads/2018/10/SJM-L-FREHATE-1014.jpg?w=810,False
https://www.westsiderag.com/wp-content/uploads/2018/11/swastika7-e1541530836359.jpg,True
,False
,False
,False
,False
https://bloximages.chicago2.vip.townnews.com/dailyfreeman.com/content/tncms/assets/v3/editorial/6/30/630d7baa-d55e-11e8-af06-6fb522fc3611/5bccc41809682.image.jpg?resize=1662%2C1246,False
,False
,False
,False
,False
,False
,False
,False
,False
https://fox59.com/wp-content/uploads/sites/21/2018/11/capture.jpeg?w=1920&h=1080&crop=1,True
,False
,False
,False
,False
,False
,False
,False
,False
,False
,False
,False
,False
,False
https://www.westsiderag.com/wp-content/uploads/2018/11/kkk-graffiti-e1541160000447.jpeg,True
https://media4.oakpark.com/Images/2/2/60566/2/1/2_2_60566_2_1_690x520.jpg,False
,False
,False
,False
,False
,False
,False
,False
,False
,False
,False
https://pbs.twimg.com/media/Drbrc25U4AAsJ13?format=jpg&name=medium,True
,False
,False
,False
,False
,False
,False
,False
,False
,False
,False
,False
,False
,False
,False
,False
,False
,False
https://s3-assets.eastidahonews.com/wp-content/uploads/2018/11/19145552/SwastikaTree_3.jpg,True
https://pbs.twimg.com/card_img/1275412342596124672/ovWo9eOz?format=jpg&name=medium,False
,False
,False
,False
,False
,False
,False
,False
,False
,False
,False
,False
,False
,False
,False
,False
,False
,False
,False
https://pbs.twimg.com/media/DttX0tcVAAA4XpG?format=jpg&name=900x900,True
,False
,False
,False
,False
https://www.sacbee.com/latest-news/kavdzk/picture223289870/alternates/LANDSCAPE_1140/Swastikas-found-etched-i.jpg,False
,False
,False
,False
https://pbs.twimg.com/media/DvRvH1KXgAA9_rN?format=jpg&name=medium,True
,False
,False
https://www.universalhub.com/files/styles/main_image/public/new/nazisign_0.jpg?itok=Pbi_OvnH,True
,False
,False
,False
,False
,False
,False
,False
,False
,False
,False
,False
https://pbs.twimg.com/media/DyIyzENX0AAFLUi?format=jpg&name=medium,True
https://bloximages.newyork1.vip.townnews.com/bakersfield.com/content/tncms/assets/v3/editorial/4/a3/4a34cdf4-2653-11e9-bcd3-db88958ce51e/5c549712a141c.image.jpg?resize=900%2C1200,True
https://www.nydailynews.com/resizer/L3AFL8VsKWpyQ5-zdYWha0AAFr0=/800x490/top/www.trbimg.com/img-5c707812/turbine/ny-1550874635-6zj18o00op-snap-image,False
https://sunbeamwhdh.files.wordpress.com/2019/02/190205_cocaine_suspect.jpg?quality=60&strip=color,True
,False
https://s3.amazonaws.com/thetech-production/images/web_photos/web/8940_lob7_swastika.jpg?1549507973,False
,False
,False
https://bloximages.chicago2.vip.townnews.com/missoulian.com/content/tncms/assets/v3/editorial/c/4f/c4f459a2-d8ff-5142-b4c4-f78bbe956f74/5c637b4fe2656.image.jpg?resize=1200%2C950,True
,False
,False
,False
https://s3.amazonaws.com/bklyner/bklyner/wp-content/uploads/2019/02/Screen-Shot-2019-02-19-at-5.05.18-PM.png,True
,False
,False
,False
https://cdn.cnn.com/cnnnext/dam/assets/190223143948-03-swastikas-found-at-new-york-elementary-school-exlarge-169.jpg,True
,False
,False
https://s3.amazonaws.com/bklyner/bklyner/wp-content/uploads/2019/02/Screen-Shot-2019-02-25-at-9.00.11-AM.png,True
,False
,False
,False
,False
,False
,False
https://ca-times.brightspotcdn.com/dims4/default/372e7f7/2147483647/strip/true/crop/720x405+0+0/resize/840x473!/quality/90/?url=https%3A%2F%2Fcalifornia-times-brightspot.s3.amazonaws.com%2F3d%2F22%2F28edebd405be70b9799e9b6d8457%2Fla-1551655948-9pn5q98x1y-snap-image,True
,False
,False
,False
,False
,False
,False
,False
,False
,False
,False
,False
,False
,False
,False
https://pbs.twimg.com/media/EBjg_bbXkAEl3zr?format=jpg&name=large,False
,False
,False
https://gray-ksfy-prod.cdn.arcpublishing.com/resizer/NErPi_8nyS_H5YKXNvHqQklPsgs=/1200x675/smart/cloudfront-us-east-1.images.arcpublishing.com/gray/VWG4JSKMKNMZXECTFBX4WYN7PE.jpg,True
,False
,False
,False
"https://denver.cbslocal.com/wp-content/uploads/sites/15909806/2019/04/swastika-copy.jpg?resize=768,432",True
https://ktla.com/wp-content/uploads/sites/4/2019/04/swasti-ftd.jpg?w=1920&h=1080&crop=1,True
,False
,False
,False
,False
,False
,False
,False
,False
,False
,False
,False
,False
,False
https://www.gannett-cdn.com/presto/2019/04/26/POSH/f12be709-8672-489a-b096-c89c96400a3c-HaakonPhoto1.jpg?width=600&height=800&fit=crop&format=pjpg&auto=webp,True
https://images01.military.com/sites/default/files/styles/full/public/2019-04/task-boots-swastika-900.jpg?itok=W5O3hD5n,True
,False
,False
,False
,False
,False
https://i.dailymail.co.uk/1s/2019/05/02/02/12984592-6983153-image-m-16_1556760616249.jpg,True
,False
,False
,False
,False
,False
,False
,False
,False
,False
,False
,False
,False
,False
https://scontent-den4-1.xx.fbcdn.net/v/t1.0-0/p403x403/60632996_479191509288517_1524299763254558720_o.jpg?_nc_cat=100&_nc_sid=110474&_nc_ohc=Y6rBBuuqnuoAX_7IkCe&_nc_oc=AQn1LfAlBKZcvJ_UQEInrU7lzZCKZh1tNTiXIGmw5IUxRlrRTRCiNFoS4B6EJW6QijA&_nc_ht=scontent-den4-1.xx&tp=6&oh=072c2fabaf8d2bd890763d448e6d08bd&oe=5F68E268,False
,False
,False
,False
,False
,False
,False
https://www.ajc.com/resizer/0I6-BRhUyT-TWyhslDwPfixl-rc=/800x0/cloudfront-us-east-1.images.arcpublishing.com/ajc/A7DRQNJBZU4YS6RXAZPRCZCDKQ.jpg,True
,False
,False
https://www.wivb.com/wp-content/uploads/sites/97/2019/07/geneva_racist_symbols_72219_1.jpg?w=960&h=540&crop=1,True
,False
,False
,False
,False
,False
,False
https://ca-times.brightspotcdn.com/dims4/default/b78d512/2147483647/strip/true/crop/596x493+0+0/resize/840x695!/quality/90/?url=https%3A%2F%2Fcalifornia-times-brightspot.s3.amazonaws.com%2F16%2F5f%2Fb4db60d141dcad5ffcd25a623ff6%2Fswastika.JPG,True
,False
,False
,False
https://cnycentral.com/resources/media/d8044c1c-25a9-45f3-ad39-f172b269144d-large16x9_oswegoco.vandalism2.jpg?1562961495951,False
https://qns.com/wp-content/uploads/2019/07/66397838_10217138087376640_5503109010447925248_n.jpg,True
,False
,False
"https://denver.cbslocal.com/wp-content/uploads/sites/15909806/2019/07/park-county-swastika.jpg?resize=768,1024",True
https://media.tegna-media.com/assets/WTHR/images/0bce00c7-079e-4f98-b803-cd954bb5aa4d/0bce00c7-079e-4f98-b803-cd954bb5aa4d_1920x1080.jpg,True
,False
,False
,False
,False
,False
,False
,False
,False
,False
https://gray-kktv-prod.cdn.arcpublishing.com/resizer/xVzQ-eBuG8BxiBdOqt4ahkDT8Gs=/1200x675/smart/cloudfront-us-east-1.images.arcpublishing.com/gray/4P4C5T322RMHDMUER3FFZ2EDAQ.jpg,True
,False
,False
https://bloximages.newyork1.vip.townnews.com/foxcarolina.com/content/tncms/assets/v3/editorial/9/19/9197bee8-b85e-11e9-ad15-afa0f6eef9f2/5d499c4ba5777.image.jpg?resize=1280%2C720,False
,False
,False
,False
,False
,False
,False
,False
,False
,False
,False
,False
,False
,False
,False
,False
,False
,False
,False
,False
,False
https://bloximages.newyork1.vip.townnews.com/cadillacnews.com/content/tncms/assets/v3/editorial/4/c3/4c3b1a2a-2fe3-5eff-ac92-cceda3be0337/5d7758a6b5228.image.jpg,True
,False
,False
,False
,False
,False
,False
,False
,False
,False
,False
,False
,False
,False
,False
,False
,False
,False
,False
,False
,False
,False
,False
,False
,False
,False
,False
,False
,False
,False
,False
,False
,False
,False
,False
https://www.theexaminernews.com/examiner-news/wp-content/uploads/2019/10/IMG_1702.jpg,True
https://media.12news.com/assets/KPNX/images/a5846872-b6b3-4582-af70-36a8ea3b069c/a5846872-b6b3-4582-af70-36a8ea3b069c_1920x1080.jpg,True
,False
,False
,False
,False
"https://www.gannett-cdn.com/presto/2019/10/19/PPAS/04b273cf-30f3-4a31-b23d-4827941414e0-72386859_10162494024550002_4501806555833827328_n.jpg?crop=288,400,x357,y355&width=288&height=400&format=pjpg&auto=webp",True
,False
https://i1.wp.com/jocoreport.com/wp-content/uploads/2019/10/Swastika-10-24-19DDR.jpg?w=145&ssl=1,True
,False
,False
,False
https://i2.wp.com/www.wxhc.com/wp-content/uploads/2019/10/church1.jpg?w=720&ssl=1,False
,False
,False
,False
,False
,False
,False
,False
,False
,False
,False
,False
,False
,False
,False
,False
,False
https://images.foxtv.com/static.fox9.com/www.fox9.com/content/uploads/2019/11/764/432/Edina-graffiti.jpg?ve=1&tl=1,True
,False
,False
,False
,False
https://images.foxtv.com/static.fox10phoenix.com/www.fox10phoenix.com/content/uploads/2019/11/932/524/DB39B8DD5C24484D8168434E09C88451-e1572913231380.jpg?ve=1&tl=1,True
,False
,False
,False
,False
https://pbs.twimg.com/media/EJXSqsaXkAAFk1l?format=jpg&name=medium,True
,False
,False
,False
,False
,False
,False
,False
,False
,False
,False
,False
,False
,False
,False
,False
,False
,False
,False
,False
,False
,False
,False
https://www.dailybulletin.com/wp-content/uploads/2019/12/IDB-L-VANDALISM-1204-16x9-1.jpg?w=530,True
,False
,False
,False
,False
,False
,False
,False
,False
https://www.gannett-cdn.com/presto/2019/12/11/PDEM/20bc6d38-b075-40f8-ab48-b9adb7f782a3-stark.png?width=1006&height=567&format=pjpg&auto=webp,True
,False
,False
,False
,False
,False
https://www.universalhub.com/files/styles/main_image/public/images/2019/swastikas.jpg?itok=SPkQ99xz,True
,False
https://cdn.cnn.com/cnnnext/dam/assets/191228140504-tina-turner-mural-asheville-north-carolina-vandalized-swastika-exlarge-169.jpg,True
,False
https://www.silive.com/resizer/3Id_JYz7v_icd_a8X28wGXnOSzc=/1280x0/smart/arc-anglerfish-arc2-prod-advancelocal.s3.amazonaws.com/public/D2YICSCQCFAZFOLXK65YTZ4BRY.jpg,True
,False
,False
,False
,False
,False
,False
,False
,False
,False
,False
,False
,False
,False
,False
,False
,False
,False
,False
,False
,False
,False
https://images.foxtv.com/static.foxla.com/www.foxla.com/content/uploads/2020/02/764/432/f4504def-student-hate-photo-Martin-Luther-King-High-School.jpg?ve=1&tl=1,True
,False
,False
,False
https://townsquare.media/site/385/files/2020/02/howell2.jpg?w=1611&h=1067&q=75,True
https://bloximages.chicago2.vip.townnews.com/coastreportonline.com/content/tncms/assets/v3/editorial/9/7b/97b40078-5d9c-11ea-8382-a712ca7fe80b/5e5ed767a8e33.image.jpg?resize=944%2C673,True
,False
,False
,False
,False
,False
,False
,False
,False
,False
,False
,False
,False
,False
https://kfoxtv.com/resources/media/c4e3f00b-8992-4c51-ac39-7c11e21e9095-large16x9_Swastika.jpg?1585794595794,False
,False
,False
,False
,False
,False
,False
https://www.clickondetroit.com/resizer/UROMYu-Sv0LkbVT6Vd-5Zm8I9pA=/1600x901/smart/filters:format(jpeg):strip_exif(true):strip_icc(true):no_upscale(true):quality(65)/arc-anglerfish-arc2-prod-gmg.s3.amazonaws.com/public/OWYFTIU6ZVBP7MMTJ4VUCXD6OA.jpg,True
,False
,False
,False
,False
https://kfoxtv.com/resources/media/c4e3f00b-8992-4c51-ac39-7c11e21e9095-large16x9_Swastika.jpg?1585794595794,False
,False
,False
,False
,False
,False
,False
,False
,False
,False
,False
,False
,False
,False
,False
https://static.timesofisrael.com/jewishchronicle/uploads/2020/06/Penn-state-swastika-Change.org_-Cropped-640x400.jpg,True
,False
,False
,False
,False
,False
https://media.nbcboston.com/2019/09/revere-hate-crime.jpg?fit=850%2C478,True
,False
,False
,False
,False
,False
https://www.gannett-cdn.com/-mm-/573c6b84efd4edd43dd310d508e33aa8bfb8234d/c=0-378-4032-2646/local/-/media/2020/09/09/Providence/ghows-PJ-200629879-1d627980.jpg?width=1320&height=744&fit=crop&format=pjpg&auto=webp,True
,False
,False
,False
,False
,False
,False
,False
,False
,False
,False
,False
,False
,False
,False
,False
,False
,False
,False
,False
,False
https://bloximages.chicago2.vip.townnews.com/clevelandjewishnews.com/content/tncms/assets/v3/editorial/6/de/6de1df24-d031-11ea-8a45-4f0bf6df5a5f/5f1f13825c572.image.jpg?crop=1236%2C1292%2C6%2C218&resize=1200%2C1254&order=crop%2Cresize,True
,False
,False
,False
https://scontent-lga3-1.xx.fbcdn.net/v/t1.0-0/p180x540/116337905_10160041643508275_2245510420410181001_o.jpg?_nc_cat=100&ccb=2&_nc_sid=2d5d41&_nc_ohc=YGnriXAOUkoAX_BDEs1&_nc_ht=scontent-lga3-1.xx&tp=6&oh=7ce372d45dda6dabe250104daa046a48&oe=5FF7A850,True
https://media.heartlandtv.com/images/Roch+swastika.jpg,False
,False
,False
https://timesofsandiego.com/wp-content/uploads/2020/08/pride1.jpg,True
,False
,False
,False
https://wgme.com/resources/media/7cf3364d-ad45-4e63-92ca-54ccc291cedb-large16x9_BLMWaldo.jpg?1596914130872,False
,False
,False
,False
,False
https://www.pasadenanow.com/main/wp-content/uploads/2020/08/graffiti-crop.jpg,True
,False
,False
,False
,False
,False
,False
https://citrusheightssentinel.com/wp-content/uploads/2020/08/holy-family-vandalism.jpg,True
,False
https://i0.wp.com/eastcobbnews.com/wp-content/uploads/2020/08/East-Cobb-swastika-4.jpg?w=566,True
,False
https://krdo.b-cdn.net/2020/08/118152303_158566815889110_3720643730454049313_n.jpg,True
,False
,False
,False
,False
,False
,False
,False
,False
,False
https://www.cachevalleydaily.com/wp-content/uploads/2020/09/a-970x546.jpg,False
,False
,False
,False
https://bloximages.newyork1.vip.townnews.com/petoskeynews.com/content/tncms/assets/v3/editorial/1/ea/1ea22220-2362-5a49-a9f9-e74580537757/5f638805714aa.image.jpg?resize=707%2C423,False
,False
,False
,False
https://ewscripps.brightspotcdn.com/dims4/default/a2b50a6/2147483647/strip/true/crop/1251x703+0+0/resize/1251x703!/quality/90/?url=http%3A%2F%2Fewscripps-brightspot.s3.amazonaws.com%2F4c%2F45%2F0ca40a8f4baf90c8d71d0df12186%2Fswastika1.JPG,True
https://img.particlenews.com/img/id/1Kyt1q_0X2uDFAf00?type=webp_1024x576,False
,False
,False
,False
,False
https://www.sacbee.com/latest-news/dwdfyc/picture246125455/alternates/LANDSCAPE_1140/suncity2.jpeg,False
https://patch.com/img/cdn20/users/22941961/20201001/032401/styles/raw/public/processed_images/10291.jpeg?width=720,True
,False
,False
,False
,False
,False
,False
,False
,False
https://bloximages.newyork1.vip.townnews.com/citizensvoice.com/content/tncms/assets/v3/editorial/2/19/219e90e1-fa20-51ec-8f37-a5f91c725acc/5f84bb62ee5d8.image.jpg?resize=1606%2C1290,True
,False
,False
,False
,False
https://www.grandforksherald.com/incoming/6721265-nc4mr6-Defaced_Red_Lake_Sign_Oct_14_2020.jpeg/alternates/BASE_LANDSCAPE/Defaced_Red_Lake_Sign_Oct_14_2020.jpeg,False
,False
,False
,False
https://img.sfist.com/2020/10/Temple-Sinai_swastika.jpg,True
https://bloximages.newyork1.vip.townnews.com/jewishaz.com/content/tncms/assets/v3/editorial/3/97/397581c6-1935-11eb-a00e-e39f98f7c867/5f9993773ff4f.image.jpg?resize=1662%2C1247,True
,False
,False
https://pbs.twimg.com/media/ElHv185X0AIOSUw?format=jpg&name=medium,True
"https://sanfrancisco.cbslocal.com/wp-content/uploads/sites/15116056/2020/10/trump-swastika.jpg?resize=768,432",True
https://i1.wp.com/www.jweekly.com/wp-content/uploads/2020/10/lafayette-swas.jpg?resize=1280%2C720px&ssl=1,True
https://www.gannett-cdn.com/presto/2020/11/02/PNJM/07d9308c-fcd6-47be-b75e-751c67c65acd-IMG_1210.jpg?width=640&height=475&fit=crop&format=pjpg&auto=webp,True
,False
https://www.oregonlive.com/resizer/uvUVnAvQ6mKYSxktwzi7qJEi8UI=/1280x0/smart/cloudfront-us-east-1.images.arcpublishing.com/advancelocal/UT53LR75U5EGRECIWD3S26Z2TI.jpeg,True
,False
,False
https://twitter.com/JoeGalliNews/status/1325854277919760384/photo/1,True
,False
,False
,False
,False
https://tapinto-production.s3.amazonaws.com/uploads/articles/12/best_crop_0f709e6abed1157f803a_1212015611531408374617653.jpeg?v=164c3853502588bf1872,True
,False
,False
,False
,False
,False
,False
,False
,False
,False
,False
https://www.gannett-cdn.com/presto/2020/12/10/USAT/0b84a3b4-4844-47b1-9b21-df2cbf3f2696-memorial.jpg?width=300&height=534&fit=crop&format=pjpg&auto=webp   and here:  https://www.msn.com/en-us/news/world/wassmuth-center-post-nazi-stickers-found-at-anne-frank-memorial/ar-BB1bMogo?fullscreen=true#image=1,True
,False
,False
,False
,False
,False
https://s19499.pcdn.co/wp-content/uploads/2020/12/SwasticaVehicleBlurredTag.jpg,True
,False
,False
,False
,False
,False
,False
https://nbcmontana.com/resources/media/48ddbca6-fa31-4336-aad7-46de7f466eda-medium16x9_msslaswastika1.jpeg?1610166946476,False
,False
,False
,False
,False
,False
https://www.metroweekly.com/wp-content/uploads/2021/01/Rainbow-Swastika.jpg,True
